rowID,prediction
1,0.0882316334543
2,0.274607728057
3,0.135895454272
4,0.0882316334543
5,0.175621296668
6,0.274607728057
7,0.167736092141
8,0.175621296668
9,0.246597293431
10,0.229024755796
11,0.274607728057
12,0.115892810935
13,0.229024755796
14,0.189036429594
15,0.274607728057
16,0.104021787729
17,0.150791742162
18,0.274607728057
19,0.274607728057
20,0.229024755796
21,0.175621296668
22,0.150791742162
23,0.274607728057
24,0.274607728057
25,0.274607728057
26,0.255744129872
27,0.255744129872
28,0.202342860971
29,0.255744129872
30,0.452699743087
31,0.174535231518
32,0.317626801699
33,0.179913664734
34,0.139381042166
35,0.139381042166
36,0.229095651337
37,0.0685256380905
38,0.0858263030605
39,0.0612316540388
40,0.0612316540388
41,0.0811818415647
42,0.0486740492437
43,0.0725744379314
44,0.125561739041
45,0.0409019556468
46,0.125561739041
47,0.146955811169
48,0.125561739041
49,0.0227132625957
50,0.125561739041
51,0.0858263030605
52,0.0409019556468
53,0.0671101928492
54,0.194987895412
55,0.0671101928492
56,0.151687363198
57,0.194987895412
58,0.116609614167
59,0.116609614167
60,0.194987895412
61,0.144165138489
62,0.0840820514247
63,0.116713822827
64,0.116713822827
65,0.144165138489
66,0.0992103912501
67,0.0751923139082
68,0.0671735298313
69,0.114140881929
70,0.173143288223
71,0.0244095907671
72,0.0917934654737
73,0.0585498303328
74,0.0656115749794
75,0.102428520203
76,0.133886940271
77,0.0776985591908
78,0.0868567731647
79,0.0656115749794
80,0.102428520203
81,0.0656115749794
82,0.0244095907671
83,0.173143288223
84,0.102428520203
85,0.0244095907671
86,0.0776985591908
87,0.049282499466
88,0.133886940271
89,0.0585498303328
90,0.0244095907671
91,0.0585498303328
92,0.0585498303328
93,0.17103963464
94,0.188945919632
95,0.188945919632
96,0.17103963464
97,0.17103963464
98,0.112656424218
99,0.112656424218
100,0.188945919632
101,0.188945919632
102,0.188945919632
103,0.14674253722
104,0.14674253722
105,0.14674253722
106,0.17103963464
107,0.188945919632
108,0.14674253722
109,0.132183995085
110,0.100872257176
111,0.118630274384
112,0.118630274384
113,0.198062215847
114,0.118630274384
115,0.0683394620238
116,0.118630274384
117,0.100872257176
118,0.139031093585
119,0.100872257176
120,0.118630274384
121,0.100872257176
122,0.100872257176
123,0.0457649240199
124,0.139031093585
125,0.139031093585
126,0.0576174489781
127,0.118630274384
128,0.0683394620238
129,0.0808854766378
130,0.100872257176
131,0.100872257176
132,0.0808854766378
133,0.0808854766378
134,0.170180503306
135,0.0762184523081
136,0.0574117878493
137,0.0852183277579
138,0.100528671343
139,0.0852183277579
140,0.197460288119
141,0.145983957519
142,0.0680982950427
143,0.170180503306
144,0.170180503306
145,0.0430294565885
146,0.0574117878493
147,0.0483153432598
148,0.112050911607
149,0.0852183277579
150,0.0762184523081
151,0.0382985941418
152,0.134392907195
153,0.134392907195
154,0.102829718316
155,0.134392907195
156,0.0349082147203
157,0.0524216441077
158,0.0524216441077
159,0.108566329648
160,0.134392907195
161,0.108566329648
162,0.0524216441077
163,0.0921572845639
164,0.134392907195
165,0.108566329648
166,0.0697145621097
167,0.134392907195
168,0.0524216441077
169,0.157021495137
170,0.157021495137
171,0.157021495137
172,0.0697145621097
173,0.0455047392438
174,0.04051325369
175,0.03399767741
176,0.03399767741
177,0.0455047392438
178,0.0606619732574
179,0.08044245512
180,0.08044245512
181,0.08044245512
182,0.0455047392438
183,0.215150185559
184,0.16830837203
185,0.0672581352884
186,0.12997591654
187,0.14433171142
188,0.116853008337
189,0.152053857789
190,0.152053857789
191,0.152053857789
192,0.168376229217
193,0.0890250186376
194,0.0378288071399
195,0.168376229217
196,0.33579056031
197,0.130030735405
198,0.168376229217
199,0.368970584994
200,0.116903036151
201,0.116903036151
202,0.181463352069
203,0.0784493687777
204,0.157827269761
205,0.0926667911234
206,0.0701095725589
207,0.12153308031
208,0.0926667911234
209,0.0926667911234
210,0.157827269761
211,0.0527242242149
212,0.0527242242149
213,0.0926667911234
214,0.157827269761
215,0.0784493687777
216,0.0926667911234
217,0.0926667911234
218,0.059127466097
219,0.103391509341
220,0.0926667911234
221,0.0625961422197
222,0.0527242242149
223,0.0926667911234
224,0.0527242242149
225,0.157827269761
226,0.038538564171
227,0.0685116812235
228,0.198491695169
229,0.198491695169
230,0.0458830558555
231,0.0458830558555
232,0.198491695169
233,0.0685116812235
234,0.118913053218
235,0.118913053218
236,0.0515006234004
237,0.171099797151
238,0.118913053218
239,0.198491695169
240,0.154562473578
241,0.198491695169
242,0.171099797151
243,0.198491695169
244,0.198491695169
245,0.198491695169
246,0.171099797151
247,0.101117562646
248,0.198491695169
249,0.154562473578
250,0.118913053218
251,0.198491695169
252,0.0810865607465
253,0.229057032736
254,0.0382287299572
255,0.0510921172645
256,0.0285066463868
257,0.0285066463868
258,0.0510921172645
259,0.153468746158
260,0.0899156038468
261,0.153468746158
262,0.0285066463868
263,0.153468746158
264,0.0899156038468
265,0.153468746158
266,0.153468746158
267,0.0899156038468
268,0.0899156038468
269,0.0510921172645
270,0.153468746158
271,0.0899156038468
272,0.0899156038468
273,0.0285066463868
274,0.0510921172645
275,0.0899156038468
276,0.0510921172645
277,0.153468746158
278,0.0899156038468
279,0.10035713346
280,0.131272420205
281,0.0899156038468
282,0.0382287299572
283,0.0382287299572
284,0.10035713346
285,0.169912565741
286,0.10035713346
287,0.153468746158
288,0.169912565741
289,0.227122601482
290,0.12767625743
291,0.12767625743
292,0.0738720089667
293,0.12767625743
294,0.12767625743
295,0.12767625743
296,0.12767625743
297,0.12767625743
298,0.165459479746
299,0.323066246754
300,0.165459479746
301,0.323066246754
302,0.100786339841
303,0.05756601488
304,0.0431468164679
305,0.0513226472694
306,0.0513226472694
307,0.0903046365158
308,0.154086195147
309,0.154086195147
310,0.0903046365158
311,0.05756601488
312,0.0322158920912
313,0.154086195147
314,0.118531225718
315,0.118531225718
316,0.187688716228
317,0.111836838724
318,0.273966285091
319,0.161487263771
320,0.357401608396
321,0.16987662062
322,0.111836838724
323,0.161487263771
324,0.161487263771
325,0.111836838724
326,0.111836838724
327,0.16987662062
328,0.14571569434
329,0.14571569434
330,0.161487263771
331,0.251780572843
332,0.240518329531
333,0.219044541999
334,0.339790634078
335,0.477690763453
336,0.360265799913
337,0.30647142733
338,0.30647142733
339,0.120413870964
340,0.450276320213
341,0.368421534963
342,0.15643334318
343,0.315509615751
344,0.200768025289
345,0.315509615751
346,0.120413870964
347,0.315509615751
348,0.141072320384
349,0.450276320213
350,0.0794186935417
351,0.11961633737
352,0.180871248508
353,0.299421558773
354,0.0794186935417
355,0.0289275259334
356,0.180871248508
357,0.155439402111
358,0.107410246303
359,0.275268570775
360,0.447440369707
361,0.119204967112
362,0.0516367483031
363,0.0579159934044
364,0.218990026684
365,0.198934855171
366,0.275268570775
367,0.132552362916
368,0.251720536317
369,0.0908344690346
370,0.251720536317
371,0.198934855171
372,0.198934855171
373,0.101370817332
374,0.31303911497
375,0.251720536317
376,0.154926513418
377,0.0908344690346
378,0.251720536317
379,0.0686895130535
380,0.0472332972985
381,0.0313958001009
382,0.0666042071524
383,0.03530529247
384,0.0983981848362
385,0.0313958001009
386,0.0561380395333
387,0.0420605587561
388,0.0313958001009
389,0.0561380395333
390,0.0313958001009
391,0.0561380395333
392,0.0561380395333
393,0.0313958001009
394,0.0313958001009
395,0.0561380395333
396,0.0472332972985
397,0.0833822319151
398,0.0472332972985
399,0.193717969025
400,0.0313958001009
401,0.0472332972985
402,0.166847710896
403,0.166847710896
404,0.0420605587561
405,0.0420605587561
406,0.0313958001009
407,0.0420605587561
408,0.0472332972985
409,0.0629283395701
410,0.0745604610196
411,0.10084271888
412,0.188547312085
413,0.0575997655095
414,0.170670853685
415,0.0764630116192
416,0.170670853685
417,0.170670853685
418,0.170670853685
419,0.0575997655095
420,0.274110878335
421,0.0575997655095
422,0.112396456282
423,0.0764630116192
424,0.170670853685
425,0.198010485146
426,0.274110878335
427,0.0764630116192
428,0.0854890922311
429,0.170670853685
430,0.40930265022
431,0.170670853685
432,0.10084271888
433,0.10084271888
434,0.170670853685
435,0.0575997655095
436,0.0764630116192
437,0.10084271888
438,0.170670853685
439,0.131885662564
440,0.131885662564
441,0.28964625117
442,0.0996472015615
443,0.0568844721107
444,0.0568844721107
445,0.0568844721107
446,0.0996472015615
447,0.031824342861
448,0.0568844721107
449,0.0996472015615
450,0.0568844721107
451,0.0568844721107
452,0.0426282655442
453,0.0755322429102
454,0.0426282655442
455,0.031824342861
456,0.133897157849
457,0.031824342861
458,0.031824342861
459,0.0869191479063
460,0.0568844721107
461,0.0568844721107
462,0.0755322429102
463,0.0996472015615
464,0.0996472015615
465,0.0750987231135
466,0.360954061757
467,0.0729459722122
468,0.0729459722122
469,0.113379116649
470,0.0729459722122
471,0.0489296842171
472,0.0272726513938
473,0.0581347268091
474,0.0489296842171
475,0.147647508603
476,0.163588129358
477,0.096321251462
478,0.113379116649
479,0.0862593684819
480,0.113379116649
481,0.0489296842171
482,0.096321251462
483,0.0272726513938
484,0.0651498701151
485,0.360954061757
486,0.209447084212
487,0.162179942674
488,0.430933039512
489,0.146352530651
490,0.112345082393
491,0.131826703623
492,0.188468522035
493,0.0362274169076
494,0.112345082393
495,0.0764266478868
496,0.298808838358
497,0.207742185651
498,0.430933039512
499,0.0543654063675
500,0.0764266478868
501,0.131826703623
502,0.112345082393
503,0.146352530651
504,0.162179942674
505,0.146352530651
506,0.112345082393
507,0.0963941311874
508,0.0228545094875
509,0.0411515496748
510,0.0228545094875
511,0.0730025942381
512,0.0730025942381
513,0.0307098878635
514,0.0228545094875
515,0.0730025942381
516,0.0730025942381
517,0.0730025942381
518,0.0730025942381
519,0.0411515496748
520,0.126259938836
521,0.126259938836
522,0.0411515496748
523,0.0228545094875
524,0.0228545094875
525,0.0730025942381
526,0.0730025942381
527,0.0228545094875
528,0.145944442121
529,0.0761961363773
530,0.100500012002
531,0.187968856333
532,0.0361134099553
533,0.170135743111
534,0.0361134099553
535,0.187968856333
536,0.0511688464228
537,0.0430164055383
538,0.0643265718393
539,0.023910879247
540,0.217353221064
541,0.0851936197746
542,0.0511688464228
543,0.0511688464228
544,0.0573946361923
545,0.187968856333
546,0.0761961363773
547,0.0761961363773
548,0.0761961363773
549,0.0321174108349
550,0.365032527454
551,0.124583530142
552,0.365032527454
553,0.207065136847
554,0.14583872618
555,0.178753967495
556,0.178753967495
557,0.14583872618
558,0.207065136847
559,0.207065136847
560,0.178753967495
561,0.0573478035464
562,0.145836533919
563,0.145836533919
564,0.100421753602
565,0.0851261523414
566,0.12458161079
567,0.17001350898
568,0.12458161079
569,0.0573478035464
570,0.0851261523414
571,0.100421753602
572,0.0482609777038
573,0.0851261523414
574,0.0719738815301
575,0.100421753602
576,0.0405520302837
577,0.0482609777038
578,0.12458161079
579,0.100421753602
580,0.0950696024595
581,0.0573478035464
582,0.145836533919
583,0.0851261523414
584,0.145836533919
585,0.0482609777038
586,0.145836533919
587,0.104351738168
588,0.116255529777
589,0.104351738168
590,0.0885164466235
591,0.104351738168
592,0.0791984137434
593,0.136311124736
594,0.116255529777
595,0.104351738168
596,0.136311124736
597,0.0885164466235
598,0.0885164466235
599,0.104351738168
600,0.116255529777
601,0.0597039753007
602,0.0791984137434
603,0.136311124736
604,0.104351738168
605,0.136311124736
606,0.104351738168
607,0.151082426087
608,0.151082426087
609,0.0502032686581
610,0.0502032686581
611,0.151082426087
612,0.151082426087
613,0.136162026654
614,0.136162026654
615,0.159033764834
616,0.116125419163
617,0.0668159871522
618,0.0334048443211
619,0.136162026654
620,0.175949927808
621,0.0668159871522
622,0.136162026654
623,0.0683152648212
624,0.0954658164105
625,0.106476462584
626,0.0513502875659
627,0.198001848843
628,0.162242547798
629,0.0808572227542
630,0.0341818738213
631,0.0303928627107
632,0.0683152648212
633,0.162242547798
634,0.138985600334
635,0.162242547798
636,0.0808572227542
637,0.138985600334
638,0.0954658164105
639,0.0954658164105
640,0.104369359604
641,0.104369359604
642,0.204163665998
643,0.1761610693
644,0.0532513368634
645,0.104369359604
646,0.0837542101842
647,0.159228529195
648,0.0597145599291
649,0.204163665998
650,0.0837542101842
651,0.204163665998
652,0.204163665998
653,0.122659036393
654,0.145540925204
655,0.21680238755
656,0.187474652924
657,0.0641317722529
658,0.0641317722529
659,0.187474652924
660,0.0540316322139
661,0.0428831816867
662,0.187474652924
663,0.0428831816867
664,0.21680238755
665,0.036000760756
666,0.21680238755
667,0.036000760756
668,0.0948654688828
669,0.21680238755
670,0.297446370168
671,0.429337002508
672,0.238123389993
673,0.111697390509
674,0.21680238755
675,0.0314568959088
676,0.167126913834
677,0.0314568959088
678,0.0985763968247
679,0.0985763968247
680,0.0985763968247
681,0.0473237068939
682,0.0985763968247
683,0.143289562864
684,0.0314568959088
685,0.0746990767391
686,0.0985763968247
687,0.0314568959088
688,0.0314568959088
689,0.167126913834
690,0.0746990767391
691,0.143289562864
692,0.0835357678152
693,0.0314568959088
694,0.143289562864
695,0.0314568959088
696,0.0314568959088
697,0.0562444875678
698,0.0314568959088
699,0.0904606698496
700,0.19821318962
701,0.118729665061
702,0.19821318962
703,0.19821318962
704,0.19821318962
705,0.0458064395122
706,0.118729665061
707,0.170851532778
708,0.154333736974
709,0.19821318962
710,0.228747880349
711,0.170851532778
712,0.118729665061
713,0.170851532778
714,0.0683999880284
715,0.0904606698496
716,0.118729665061
717,0.118729665061
718,0.154333736974
719,0.0904606698496
720,0.0869648686056
721,0.0777962280371
722,0.0777962280371
723,0.0553633434941
724,0.302856751751
725,0.191429753316
726,0.0971003007883
727,0.0971003007883
728,0.0971003007883
729,0.114278683612
730,0.0441705786441
731,0.0781678382307
732,0.0781678382307
733,0.0441705786441
734,0.0245655908775
735,0.0441705786441
736,0.0441705786441
737,0.0441705786441
738,0.134646039129
739,0.0245655908775
740,0.0781678382307
741,0.134646039129
742,0.0441705786441
743,0.0781678382307
744,0.0245655908775
745,0.10507800084
746,0.117053812457
747,0.0673802162476
748,0.301959202942
749,0.0891434686534
750,0.153055879066
751,0.177260683671
752,0.0601403656101
753,0.0336971203448
754,0.0673802162476
755,0.177260683671
756,0.0336971203448
757,0.0451072039738
758,0.0891434686534
759,0.0673802162476
760,0.215537276761
761,0.215537276761
762,0.302105832533
763,0.215537276761
764,0.215537276761
765,0.215537276761
766,0.215537276761
767,0.215537276761
768,0.22701884555
769,0.215537276761
770,0.130235193534
771,0.335179800218
772,0.186339961604
773,0.0995361907266
774,0.215537276761
775,0.215537276761
776,0.0754458458958
777,0.0754458458958
778,0.257109336475
779,0.0991181139004
780,0.129706746821
781,0.129706746821
782,0.0751205132059
783,0.167975145389
784,0.0423876730567
785,0.14403773393
786,0.0634070048676
787,0.14403773393
788,0.14403773393
789,0.0991181139004
790,0.129706746821
791,0.129706746821
792,0.0991181139004
793,0.14403773393
794,0.0991181139004
795,0.2536997613
796,0.210521847927
797,0.231407696426
798,0.2536997613
799,0.200610308601
800,0.0917037119439
801,0.231407696426
802,0.231407696426
803,0.2536997613
804,0.289693775515
805,0.420202873057
806,0.231407696426
807,0.0619242558894
808,0.156303643156
809,0.140953228222
810,0.2536997613
811,0.200610308601
812,0.2536997613
813,0.200610308601
814,0.289693775515
815,0.107176548387
816,0.0614030262312
817,0.0727750947773
818,0.12588901124
819,0.209028547615
820,0.107176548387
821,0.200007305349
822,0.180510041047
823,0.0614030262312
824,0.0727750947773
825,0.0727750947773
826,0.0547676960352
827,0.0614030262312
828,0.096101293244
829,0.107176548387
830,0.12588901124
831,0.0727750947773
832,0.12588901124
833,0.0547676960352
834,0.0727750947773
835,0.0614030262312
836,0.0614030262312
837,0.0727750947773
838,0.277286181795
839,0.480129409957
840,0.362521054838
841,0.341986233671
842,0.271336172332
843,0.0734843035401
844,0.321825159118
845,0.0347744286901
846,0.127044905902
847,0.0274839125787
848,0.108181892142
849,0.0493002039733
850,0.108181892142
851,0.0734843035401
852,0.0531378767476
853,0.0353941006011
854,0.0706494505519
855,0.109960645269
856,0.079048008031
857,0.0296763522662
858,0.158927172774
859,0.0296763522662
860,0.0630820880454
861,0.044686496282
862,0.044686496282
863,0.0296763522662
864,0.0296763522662
865,0.0296763522662
866,0.158927172774
867,0.0933629307272
868,0.0630820880454
869,0.154131787189
870,0.0903333717622
871,0.0303864447117
872,0.0457388197547
873,0.0683014029278
874,0.118567772093
875,0.0903333717622
876,0.118567772093
877,0.0543778933788
878,0.189268564926
879,0.218801361355
880,0.132425539187
881,0.171338162525
882,0.332314811918
883,0.147006178077
884,0.332314811918
885,0.112866925884
886,0.112866925884
887,0.218801361355
888,0.218801361355
889,0.132425539187
890,0.332314811918
891,0.218801361355
892,0.132425539187
893,0.132425539187
894,0.189268564926
895,0.171338162525
896,0.332314811918
897,0.171338162525
898,0.0406794216482
899,0.106350221363
900,0.0807586110169
901,0.0341380721044
902,0.0341380721044
903,0.0341380721044
904,0.0341380721044
905,0.0341380721044
906,0.106350221363
907,0.0341380721044
908,0.179231817792
909,0.060905536761
910,0.106350221363
911,0.179231817792
912,0.106350221363
913,0.179231817792
914,0.179231817792
915,0.0963195045862
916,0.107416919125
917,0.140168151121
918,0.163585383372
919,0.0411177447762
920,0.163585383372
921,0.163585383372
922,0.163585383372
923,0.107416919125
924,0.113377099225
925,0.163585383372
926,0.389398194118
927,0.264098583769
928,0.163585383372
929,0.140168151121
930,0.0548977538482
931,0.264098583769
932,0.281960612977
933,0.104326506969
934,0.151210346262
935,0.0668781804737
936,0.116227793865
937,0.194405915172
938,0.0791787267083
939,0.151210346262
940,0.0852460508205
941,0.0852460508205
942,0.100560827612
943,0.100560827612
944,0.100560827612
945,0.118271231067
946,0.118271231067
947,0.0852460508205
948,0.118271231067
949,0.100560827612
950,0.118271231067
951,0.038311692627
952,0.100560827612
953,0.100560827612
954,0.118271231067
955,0.0852460508205
956,0.0574310328581
957,0.100560827612
958,0.100560827612
959,0.0681208633887
960,0.0681208633887
961,0.0430441006549
962,0.0574310328581
963,0.146028293112
964,0.100560827612
965,0.0852460508205
966,0.0852460508205
967,0.0852460508205
968,0.146028293112
969,0.0681208633887
970,0.246234623554
971,0.194300621001
972,0.281569105213
973,0.281569105213
974,0.175996992444
975,0.281569105213
976,0.418319470278
977,0.346788975166
978,0.281569105213
979,0.319822657151
980,0.281569105213
981,0.116158737122
982,0.175996992444
983,0.281569105213
984,0.246234623554
985,0.346788975166
986,0.281569105213
987,0.224401271547
988,0.346788975166
989,0.0576117171019
990,0.131910870488
991,0.0645680751242
992,0.0322421571352
993,0.170702017108
994,0.251589525314
995,0.131910870488
996,0.100862682796
997,0.0764785595845
998,0.343039539191
999,0.173603372416
1000,0.221526319036
1001,0.102724042357
1002,0.303247105497
1003,0.191715983704
1004,0.221526319036
1005,0.191715983704
1006,0.221526319036
1007,0.114465886625
1008,0.243167648557
1009,0.114465886625
1010,0.162225856739
1011,0.064544080016
1012,0.0341778198074
1013,0.064544080016
1014,0.064544080016
1015,0.162225856739
1016,0.106464779501
1017,0.106464779501
1018,0.0954552123999
1019,0.162225856739
1020,0.456573266053
1021,0.340950764776
1022,0.374353301026
1023,0.081312259988
1024,0.104877430199
1025,0.151966845074
1026,0.176949575141
1027,0.151966845074
1028,0.0993140232341
1029,0.0889702896949
1030,0.151966845074
1031,0.0889702896949
1032,0.0889702896949
1033,0.151966845074
1034,0.0993140232341
1035,0.293851567623
1036,0.0600198182192
1037,0.0600198182192
1038,0.0600198182192
1039,0.0752729538599
1040,0.037804245434
1041,0.129954393941
1042,0.116833366941
1043,0.151966845074
1044,0.0972734458464
1045,0.0972734458464
1046,0.284174964195
1047,0.0415501091231
1048,0.0972734458464
1049,0.0972734458464
1050,0.165083820581
1051,0.0310105887886
1052,0.0736859298535
1053,0.165083820581
1054,0.0554666369767
1055,0.284174964195
1056,0.0310105887886
1057,0.0554666369767
1058,0.165083820581
1059,0.165083820581
1060,0.0554666369767
1061,0.0554666369767
1062,0.0554666369767
1063,0.0554666369767
1064,0.165083820581
1065,0.0972734458464
1066,0.391995671532
1067,0.0310105887886
1068,0.0824134433505
1069,0.0415501091231
1070,0.355066634553
1071,0.314547043141
1072,0.230789755336
1073,0.14053266759
1074,0.230789755336
1075,0.155845590706
1076,0.355066634553
1077,0.155845590706
1078,0.230789755336
1079,0.181329626044
1080,0.230789755336
1081,0.355066634553
1082,0.288978709753
1083,0.204971736568
1084,0.204971736568
1085,0.144251708998
1086,0.123194452096
1087,0.044995678605
1088,0.0711248942848
1089,0.204971736568
1090,0.104834479194
1091,0.123194452096
1092,0.0476773321856
1093,0.123194452096
1094,0.204971736568
1095,0.107818860178
1096,0.0400576892584
1097,0.204971736568
1098,0.159894481287
1099,0.159894481287
1100,0.159894481287
1101,0.204971736568
1102,0.136919111292
1103,0.0711248942848
1104,0.0405577087404
1105,0.178772808538
1106,0.0340352365517
1107,0.106053743126
1108,0.0405577087404
1109,0.106053743126
1110,0.106053743126
1111,0.0340352365517
1112,0.0851375186037
1113,0.0607271381123
1114,0.124597527766
1115,0.0405577087404
1116,0.071983629842
1117,0.0607271381123
1118,0.071983629842
1119,0.124597527766
1120,0.0561915233284
1121,0.0561915233284
1122,0.184564565399
1123,0.166988009259
1124,0.0984877295247
1125,0.0666669579723
1126,0.143167064691
1127,0.0472787223292
1128,0.166988009259
1129,0.0984877295247
1130,0.0666669579723
1131,0.0629878608951
1132,0.166988009259
1133,0.0666669579723
1134,0.166988009259
1135,0.0834593766579
1136,0.0834593766579
1137,0.0984877295247
1138,0.300746354547
1139,0.219487191428
1140,0.275848375954
1141,0.219487191428
1142,0.219487191428
1143,0.252268006618
1144,0.240990982676
1145,0.240990982676
1146,0.17190795825
1147,0.219487191428
1148,0.0650830662124
1149,0.240990982676
1150,0.300746354547
1151,0.275848375954
1152,0.091074614764
1153,0.189884325665
1154,0.275848375954
1155,0.219487191428
1156,0.252268006618
1157,0.219487191428
1158,0.0628438318628
1159,0.213146705794
1160,0.0529350570603
1161,0.213146705794
1162,0.10956603794
1163,0.234215709355
1164,0.234215709355
1165,0.184197186052
1166,0.0930216611755
1167,0.292939492108
1168,0.213146705794
1169,0.213146705794
1170,0.158388113938
1171,0.184197186052
1172,0.184197186052
1173,0.213146705794
1174,0.0628438318628
1175,0.184197186052
1176,0.256687936732
1177,0.213146705794
1178,0.234215709355
1179,0.256687936732
1180,0.292939492108
1181,0.0352564846107
1182,0.0714900174641
1183,0.0944462728334
1184,0.105353024889
1185,0.0603056987177
1186,0.144933658116
1187,0.123791253626
1188,0.0944462728334
1189,0.0479282969768
1190,0.0944462728334
1191,0.123791253626
1192,0.123791253626
1193,0.0944462728334
1194,0.0944462728334
1195,0.137571968388
1196,0.123791253626
1197,0.105353024889
1198,0.123791253626
1199,0.105353024889
1200,0.105353024889
1201,0.123791253626
1202,0.0944462728334
1203,0.123791253626
1204,0.122139235568
1205,0.135764539483
1206,0.0445762175455
1207,0.158581767069
1208,0.256965080234
1209,0.158581767069
1210,0.135764539483
1211,0.122139235568
1212,0.135764539483
1213,0.103917885749
1214,0.135764539483
1215,0.158581767069
1216,0.103917885749
1217,0.0332957660863
1218,0.0704798266544
1219,0.103917885749
1220,0.0594434303282
1221,0.0332957660863
1222,0.103917885749
1223,0.158581767069
1224,0.203378534796
1225,0.0296019682105
1226,0.0788599308813
1227,0.0931442391171
1228,0.0296019682105
1229,0.0788599308813
1230,0.0704798266544
1231,0.0788599308813
1232,0.135764539483
1233,0.0514578034177
1234,0.0905326535335
1235,0.101037883379
1236,0.0577166123937
1237,0.101037883379
1238,0.081021242924
1239,0.101037883379
1240,0.0577166123937
1241,0.0458446808231
1242,0.0684557382605
1243,0.198352217949
1244,0.0514578034177
1245,0.170975461914
1246,0.101037883379
1247,0.0577166123937
1248,0.198352217949
1249,0.118821204962
1250,0.0458446808231
1251,0.0684557382605
1252,0.198352217949
1253,0.0514578034177
1254,0.199228175597
1255,0.0387102205474
1256,0.199228175597
1257,0.0688072879273
1258,0.119398251394
1259,0.0688072879273
1260,0.0688072879273
1261,0.0688072879273
1262,0.0688072879273
1263,0.313434848641
1264,0.0688072879273
1265,0.199228175597
1266,0.119398251394
1267,0.0387102205474
1268,0.0688072879273
1269,0.0387102205474
1270,0.199228175597
1271,0.0688072879273
1272,0.0688072879273
1273,0.0387102205474
1274,0.119398251394
1275,0.119398251394
1276,0.119398251394
1277,0.199228175597
1278,0.313434848641
1279,0.16207043528
1280,0.16207043528
1281,0.0953564798129
1282,0.16207043528
1283,0.16207043528
1284,0.16207043528
1285,0.16207043528
1286,0.16207043528
1287,0.0361992808398
1288,0.138834070958
1289,0.0361992808398
1290,0.0807631234427
1291,0.16207043528
1292,0.16207043528
1293,0.0361992808398
1294,0.188345254434
1295,0.138834070958
1296,0.138834070958
1297,0.16207043528
1298,0.16207043528
1299,0.0543239774292
1300,0.138834070958
1301,0.16207043528
1302,0.0962297910933
1303,0.0306537323905
1304,0.0548442797528
1305,0.0962297910933
1306,0.0650858762878
1307,0.0365526989052
1308,0.0461347257695
1309,0.0548442797528
1310,0.0962297910933
1311,0.0461347257695
1312,0.0365526989052
1313,0.0365526989052
1314,0.0962297910933
1315,0.0461347257695
1316,0.0365526989052
1317,0.0650858762878
1318,0.0461347257695
1319,0.110331643191
1320,0.0936838237404
1321,0.0633061714905
1322,0.0633061714905
1323,0.0633061714905
1324,0.110331643191
1325,0.14382836775
1326,0.110331643191
1327,0.129515059563
1328,0.0838718804323
1329,0.0633061714905
1330,0.159433785554
1331,0.0936838237404
1332,0.214461769383
1333,0.0355235585013
1334,0.0355235585013
1335,0.110331643191
1336,0.0936838237404
1337,0.110331643191
1338,0.0750025440425
1339,0.0936838237404
1340,0.159433785554
1341,0.0533286464869
1342,0.0750025440425
1343,0.110331643191
1344,0.0633061714905
1345,0.185375717416
1346,0.185375717416
1347,0.159433785554
1348,0.0633061714905
1349,0.0633061714905
1350,0.0750025440425
1351,0.110331643191
1352,0.141354777355
1353,0.0348368274542
1354,0.0971768735498
1355,0.108361224543
1356,0.108361224543
1357,0.141354777355
1358,0.164932226649
1359,0.266009788374
1360,0.182339763331
1361,0.266009788374
1362,0.266009788374
1363,0.164932226649
1364,0.127646307971
1365,0.0974891554082
1366,0.0659674085229
1367,0.165422348062
1368,0.0738536120184
1369,0.0623243390082
1370,0.0738536120184
1371,0.141786730976
1372,0.165422348062
1373,0.165422348062
1374,0.165422348062
1375,0.0825992151697
1376,0.0974891554082
1377,0.141786730976
1378,0.392580720894
1379,0.141786730976
1380,0.141786730976
1381,0.0555953470743
1382,0.0555953470743
1383,0.0416479499043
1384,0.127646307971
1385,0.165422348062
1386,0.0974891554082
1387,0.0974891554082
1388,0.141786730976
1389,0.165422348062
1390,0.165422348062
1391,0.165422348062
1392,0.0974891554082
1393,0.0825992151697
1394,0.165422348062
1395,0.0387296902484
1396,0.0517525726371
1397,0.448024586654
1398,0.19931164021
1399,0.448024586654
1400,0.448024586654
1401,0.0517525726371
1402,0.448024586654
1403,0.448024586654
1404,0.0387296902484
1405,0.091029776836
1406,0.091029776836
1407,0.448024586654
1408,0.0387296902484
1409,0.0688408112055
1410,0.0688408112055
1411,0.0387296902484
1412,0.15523609873
1413,0.091029776836
1414,0.0814708168082
1415,0.0688408112055
1416,0.091029776836
1417,0.0387296902484
1418,0.218021936133
1419,0.218021936133
1420,0.0513598262947
1421,0.0903673648161
1422,0.35888688022
1423,0.0484815920756
1424,0.218021936133
1425,0.250654190657
1426,0.154185718771
1427,0.381493052942
1428,0.0903673648161
1429,0.250654190657
1430,0.0855001484932
1431,0.0903673648161
1432,0.0903673648161
1433,0.0764729981577
1434,0.0764729981577
1435,0.131901853814
1436,0.0645633192631
1437,0.0645633192631
1438,0.188568948532
1439,0.0431783423461
1440,0.218021936133
1441,0.188568948532
1442,0.112410564713
1443,0.154185718771
1444,0.131901853814
1445,0.131901853814
1446,0.0645633192631
1447,0.218021936133
1448,0.0645633192631
1449,0.0775829260148
1450,0.148396751023
1451,0.0867287921313
1452,0.133699807959
1453,0.133699807959
1454,0.148396751023
1455,0.148396751023
1456,0.172912241715
1457,0.113977716547
1458,0.113977716547
1459,0.0655126522606
1460,0.113977716547
1461,0.172912241715
1462,0.113977716547
1463,0.133699807959
1464,0.102280164626
1465,0.113977716547
1466,0.113977716547
1467,0.133699807959
1468,0.133699807959
1469,0.113977716547
1470,0.148396751023
1471,0.113977716547
1472,0.102280164626
1473,0.0409389229265
1474,0.0546624188442
1475,0.0726378628906
1476,0.0364291541833
1477,0.0726378628906
1478,0.162964466556
1479,0.0305494934234
1480,0.0305494934234
1481,0.0726378628906
1482,0.0726378628906
1483,0.0726378628906
1484,0.0546624188442
1485,0.0546624188442
1486,0.0305494934234
1487,0.162964466556
1488,0.162964466556
1489,0.0726378628906
1490,0.0546624188442
1491,0.162964466556
1492,0.0546624188442
1493,0.0546624188442
1494,0.162964466556
1495,0.125665196604
1496,0.0726378628906
1497,0.0546624188442
1498,0.103621660526
1499,0.103621660526
1500,0.121798129115
1501,0.103621660526
1502,0.121798129115
1503,0.121798129115
1504,0.103621660526
1505,0.0163014361712
1506,0.121798129115
1507,0.158157221197
1508,0.121798129115
1509,0.0194940083482
1510,0.121798129115
1511,0.121798129115
1512,0.121798129115
1513,0.103621660526
1514,0.103621660526
1515,0.103621660526
1516,0.0247189546099
1517,0.135391249482
1518,0.103621660526
1519,0.0928755418465
1520,0.103621660526
1521,0.059265597773
1522,0.103621660526
1523,0.121798129115
1524,0.0748663683143
1525,0.0563729673244
1526,0.129293744397
1527,0.251979203
1528,0.185079242833
1529,0.110138961025
1530,0.110138961025
1531,0.0563729673244
1532,0.246364365037
1533,0.0884967987152
1534,0.0422392111623
1535,0.185079242833
1536,0.0422392111623
1537,0.0422392111623
1538,0.263299976706
1539,0.139673169353
1540,0.163023386096
1541,0.0959620858825
1542,0.125712656012
1543,0.0459992887839
1544,0.0959620858825
1545,0.0546847400997
1546,0.180272949015
1547,0.112964296237
1548,0.163023386096
1549,0.107023197508
1550,0.180272949015
1551,0.0613106717482
1552,0.0959620858825
1553,0.180272949015
1554,0.163023386096
1555,0.125712656012
1556,0.139673169353
1557,0.163023386096
1558,0.107023197508
1559,0.180272949015
1560,0.0546847400997
1561,0.0758307873221
1562,0.0677489021252
1563,0.0896197938265
1564,0.169402564664
1565,0.0758307873221
1566,0.152999004718
1567,0.169402564664
1568,0.169402564664
1569,0.169402564664
1570,0.196587189153
1571,0.0758307873221
1572,0.169402564664
1573,0.152999004718
1574,0.178115778463
1575,0.152999004718
1576,0.0896197938265
1577,0.152999004718
1578,0.174942443902
1579,0.202799012715
1580,0.174942443902
1581,0.408770755224
1582,0.408770755224
1583,0.280097009454
1584,0.336803637542
1585,0.336803637542
1586,0.336803637542
1587,0.336803637542
1588,0.222267303249
1589,0.336803637542
1590,0.336803637542
1591,0.336803637542
1592,0.336803637542
1593,0.122187732184
1594,0.0396995855059
1595,0.109751957633
1596,0.143100997463
1597,0.109751957633
1598,0.122187732184
1599,0.0834181802163
1600,0.122187732184
1601,0.109751957633
1602,0.0263183911571
1603,0.299374156731
1604,0.158642118645
1605,0.143100997463
1606,0.184483507676
1607,0.0705094588883
1608,0.0561629618193
1609,0.0561629618193
1610,0.0396995855059
1611,0.0472544642738
1612,0.122187732184
1613,0.143100997463
1614,0.122187732184
1615,0.143100997463
1616,0.0931824450238
1617,0.0396995855059
1618,0.0472544642738
1619,0.184483507676
1620,0.109751957633
1621,0.0705094588883
1622,0.158642118645
1623,0.352556047431
1624,0.317609437551
1625,0.174523689253
1626,0.202329930496
1627,0.0700561790413
1628,0.202329930496
1629,0.0590819048513
1630,0.0394359677802
1631,0.0828893152726
1632,0.0469431321209
1633,0.0590819048513
1634,0.0394359677802
1635,0.0394359677802
1636,0.233314261388
1637,0.121445638801
1638,0.0590819048513
1639,0.202329930496
1640,0.142252472836
1641,0.233314261388
1642,0.0828893152726
1643,0.285524621242
1644,0.0700561790413
1645,0.279511821781
1646,0.103315585355
1647,0.174523689253
1648,0.182557165454
1649,0.0469431321209
1650,0.317609437551
1651,0.0469431321209
1652,0.22356088287
1653,0.166693622281
1654,0.166693622281
1655,0.166693622281
1656,0.0665353030384
1657,0.115663267516
1658,0.154473661264
1659,0.213201237821
1660,0.213201237821
1661,0.213201237821
1662,0.228813802173
1663,0.213201237821
1664,0.254267506463
1665,0.231941059157
1666,0.069556679568
1667,0.141316438804
1668,0.201091259494
1669,0.201091259494
1670,0.201091259494
1671,0.254267506463
1672,0.315944555897
1673,0.201091259494
1674,0.120627261477
1675,0.069556679568
1676,0.120627261477
1677,0.115044737502
1678,0.0919535998704
1679,0.102605111506
1680,0.254267506463
1681,0.120247772031
1682,0.156226383751
1683,0.133694207603
1684,0.315170830262
1685,0.120247772031
1686,0.315170830262
1687,0.277246883499
1688,0.277246883499
1689,0.102048158916
1690,0.0653579756319
1691,0.148077392326
1692,0.0865286620213
1693,0.036710195746
1694,0.102048158916
1695,0.126544260449
1696,0.190578933905
1697,0.148077392326
1698,0.164055491974
1699,0.148077392326
1700,0.148077392326
1701,0.0731748662512
1702,0.0412520041516
1703,0.21000727089
1704,0.230856996489
1705,0.081847196753
1706,0.181385854937
1707,0.0617444880265
1708,0.230856996489
1709,0.081847196753
1710,0.230856996489
1711,0.230856996489
1712,0.230856996489
1713,0.230856996489
1714,0.230856996489
1715,0.200113817378
1716,0.140578418009
1717,0.181385854937
1718,0.200113817378
1719,0.200113817378
1720,0.200113817378
1721,0.262801679727
1722,0.262801679727
1723,0.262801679727
1724,0.299568688096
1725,0.262801679727
1726,0.262801679727
1727,0.239967007056
1728,0.218528279267
1729,0.299568688096
1730,0.262801679727
1731,0.0857324604891
1732,0.112706983455
1733,0.189023423488
1734,0.112706983455
1735,0.299568688096
1736,0.132242012047
1737,0.262801679727
1738,0.208339265657
1739,0.189023423488
1740,0.0766828392271
1741,0.0647427712989
1742,0.262801679727
1743,0.32564486999
1744,0.262801679727
1745,0.32564486999
1746,0.112706983455
1747,0.112706983455
1748,0.092867510966
1749,0.115443170272
1750,0.0786219616163
1751,0.092867510966
1752,0.0786219616163
1753,0.0786219616163
1754,0.115443170272
1755,0.092867510966
1756,0.0664016725331
1757,0.0786219616163
1758,0.092867510966
1759,0.115443170272
1760,0.115443170272
1761,0.135380090954
1762,0.135380090954
1763,0.115443170272
1764,0.0786219616163
1765,0.0786219616163
1766,0.0444367127006
1767,0.092867510966
1768,0.132089403521
1769,0.250961778699
1770,0.090502014041
1771,0.179697200947
1772,0.373189428211
1773,0.118782242018
1774,0.118782242018
1775,0.0468777445276
1776,0.0468777445276
1777,0.0900173893623
1778,0.165748389959
1779,0.0468777445276
1780,0.142074118253
1781,0.0827782066928
1782,0.0976969771106
1783,0.142074118253
1784,0.142074118253
1785,0.142074118253
1786,0.142074118253
1787,0.350641175001
1788,0.350641175001
1789,0.233052755509
1790,0.121289682714
1791,0.233052755509
1792,0.297615357589
1793,0.233052755509
1794,0.350641175001
1795,0.183223167186
1796,0.183223167186
1797,0.350641175001
1798,0.233052755509
1799,0.233052755509
1800,0.233052755509
1801,0.183223167186
1802,0.142074118253
1803,0.233052755509
1804,0.233052755509
1805,0.0580841656509
1806,0.0580841656509
1807,0.171932670931
1808,0.0650936293845
1809,0.032513738833
1810,0.101651555516
1811,0.0580841656509
1812,0.0435411765247
1813,0.068886681173
1814,0.0488867133674
1815,0.0580841656509
1816,0.0488867133674
1817,0.068886681173
1818,0.171932670931
1819,0.068886681173
1820,0.0650936293845
1821,0.0387563316721
1822,0.068886681173
1823,0.0580841656509
1824,0.068886681173
1825,0.068886681173
1826,0.11952852602
1827,0.0861865849572
1828,0.0387563316721
1829,0.163532494932
1830,0.147596338749
1831,0.0651251067418
1832,0.126122804447
1833,0.163532494932
1834,0.0962858602083
1835,0.147596338749
1836,0.113338243904
1837,0.147596338749
1838,0.147596338749
1839,0.163532494932
1840,0.0957618844427
1841,0.262852170489
1842,0.189063374863
1843,0.262852170489
1844,0.229117433285
1845,0.11273304705
1846,0.229117433285
1847,0.162708458063
1848,0.189063374863
1849,0.162708458063
1850,0.139395836615
1851,0.262852170489
1852,0.162708458063
1853,0.0458980304874
1854,0.0304939235639
1855,0.262852170489
1856,0.139395836615
1857,0.081112047849
1858,0.162708458063
1859,0.0363632903241
1860,0.262852170489
1861,0.262852170489
1862,0.262852170489
1863,0.0593259110038
1864,0.0444867004068
1865,0.0593259110038
1866,0.0373569717051
1867,0.027850168259
1868,0.027850168259
1869,0.0787072374717
1870,0.0593259110038
1871,0.0444867004068
1872,0.0787072374717
1873,0.0373569717051
1874,0.0499422576286
1875,0.0593259110038
1876,0.0879730024945
1877,0.0593259110038
1878,0.0787072374717
1879,0.0851948553227
1880,0.124677817609
1881,0.11202095348
1882,0.0541983420515
1883,0.124677817609
1884,0.0951454959297
1885,0.145946418165
1886,0.0951454959297
1887,0.124677817609
1888,0.124677817609
1889,0.124677817609
1890,0.0761972523053
1891,0.124677817609
1892,0.131454691701
1893,0.145946418165
1894,0.0851948553227
1895,0.0951454959297
1896,0.124677817609
1897,0.0851948553227
1898,0.131454691701
1899,0.124677817609
1900,0.124677817609
1901,0.124677817609
1902,0.124677817609
1903,0.0720328054362
1904,0.240375612804
1905,0.18936689759
1906,0.432371403583
1907,0.18936689759
1908,0.18936689759
1909,0.18936689759
1910,0.18936689759
1911,0.18936689759
1912,0.0433939577268
1913,0.319276908167
1914,0.240375612804
1915,0.319276908167
1916,0.0648784817749
1917,0.18936689759
1918,0.0768415215264
1919,0.374106526071
1920,0.240375612804
1921,0.18936689759
1922,0.0546676115748
1923,0.218910894506
1924,0.112931093963
1925,0.168266247669
1926,0.236303423576
1927,0.0993041286821
1928,0.0265681025382
1929,0.123231937145
1930,0.14429454683
1931,0.14429454683
1932,0.14429454683
1933,0.14429454683
1934,0.0711478214548
1935,0.14429454683
1936,0.14429454683
1937,0.182048522728
1938,0.164663190812
1939,0.164663190812
1940,0.0620031689902
1941,0.10817251331
1942,0.141117701603
1943,0.127034124684
1944,0.13454979641
1945,0.0922701240131
1946,0.0441357078739
1947,0.0922701240131
1948,0.13454979641
1949,0.157200003387
1950,0.13454979641
1951,0.13454979641
1952,0.162052725494
1953,0.213560888828
1954,0.162052725494
1955,0.213560888828
1956,0.175657424807
1957,0.0854574731047
1958,0.131759477305
1959,0.115989938659
1960,0.175657424807
1961,0.175657424807
1962,0.131759477305
1963,0.213560888828
1964,0.0312574523155
1965,0.166214910621
1966,0.0854574731047
1967,0.257092406078
1968,0.131759477305
1969,0.162052725494
1970,0.162052725494
1971,0.175657424807
1972,0.257092406078
1973,0.257092406078
1974,0.175657424807
1975,0.0854574731047
1976,0.148162619418
1977,0.0732228540592
1978,0.126618936001
1979,0.148162619418
1980,0.0966776063695
1981,0.190683147816
1982,0.148162619418
1983,0.126618936001
1984,0.0865820645398
1985,0.0491202372512
1986,0.126618936001
1987,0.148162619418
1988,0.113790633151
1989,0.126618936001
1990,0.0810962352304
1991,0.229079960509
1992,0.229079960509
1993,0.262811061312
1994,0.162679554577
1995,0.198512351257
1996,0.229079960509
1997,0.0611656847326
1998,0.0810962352304
1999,0.13937038505
2000,0.179900556313
2001,0.0611656847326
2002,0.0810962352304
2003,0.13937038505
2004,0.0458887399364
2005,0.179900556313
2006,0.0458887399364
2007,0.229079960509
2008,0.13937038505
2009,0.0810962352304
2010,0.106782407051
2011,0.13937038505
2012,0.0810962352304
2013,0.0810962352304
2014,0.0751871096032
2015,0.0751871096032
2016,0.0504731356186
2017,0.0634639294774
2018,0.0751871096032
2019,0.0751871096032
2020,0.129814943144
2021,0.110592752014
2022,0.0751871096032
2023,0.129814943144
2024,0.0476420965178
2025,0.110592752014
2026,0.0751871096032
2027,0.15437443482
2028,0.198262745714
2029,0.198262745714
2030,0.15437443482
2031,0.0384852531882
2032,0.0384852531882
2033,0.0384852531882
2034,0.198262745714
2035,0.0979821124702
2036,0.0470222899198
2037,0.121634392795
2038,0.0701714415934
2039,0.0927465806478
2040,0.0830238069829
2041,0.0470222899198
2042,0.0701714415934
2043,0.0979821124702
2044,0.14246832127
2045,0.166195555497
2046,0.0830238069829
2047,0.0470222899198
2048,0.14246832127
2049,0.0701714415934
2050,0.0830238069829
2051,0.0470222899198
2052,0.14246832127
2053,0.113251649061
2054,0.0365450414672
2055,0.132866945719
2056,0.0910604373004
2057,0.113251649061
2058,0.132866945719
2059,0.0650726451484
2060,0.113251649061
2061,0.0517707573116
2062,0.0910604373004
2063,0.0910604373004
2064,0.0910604373004
2065,0.0517707573116
2066,0.0770685363263
2067,0.132866945719
2068,0.0910604373004
2069,0.132866945719
2070,0.132866945719
2071,0.0770685363263
2072,0.0517707573116
2073,0.113251649061
2074,0.0842693030932
2075,0.110839275004
2076,0.0941229630686
2077,0.0197773225926
2078,0.0197773225926
2079,0.0941229630686
2080,0.123381176542
2081,0.0266038297884
2082,0.047755830351
2083,0.0941229630686
2084,0.110839275004
2085,0.0842693030932
2086,0.110839275004
2087,0.110839275004
2088,0.110839275004
2089,0.0941229630686
2090,0.0941229630686
2091,0.0941229630686
2092,0.110839275004
2093,0.0842693030932
2094,0.110839275004
2095,0.0793537889174
2096,0.136561928973
2097,0.0670280261332
2098,0.0670280261332
2099,0.136561928973
2100,0.151518462811
2101,0.0670280261332
2102,0.0598235901158
2103,0.0886883416346
2104,0.101673648988
2105,0.051799570353
2106,0.269704880943
2107,0.0435512522814
2108,0.299297348787
2109,0.051799570353
2110,0.0289108952515
2111,0.0387653450565
2112,0.0325213495244
2113,0.101673648988
2114,0.0615096009051
2115,0.0911090160088
2116,0.0615096009051
2117,0.0346078298228
2118,0.0463115069111
2119,0.181323321743
2120,0.209937400911
2121,0.155840003753
2122,0.2307822162
2123,0.288969983867
2124,0.181323321743
2125,0.107702851516
2126,0.0346078298228
2127,0.258779779818
2128,0.0298755778523
2129,0.0711035837319
2130,0.0711035837319
2131,0.258779779818
2132,0.258779779818
2133,0.159851150607
2134,0.159851150607
2135,0.0939483063195
2136,0.159851150607
2137,0.258779779818
2138,0.159851150607
2139,0.0534859241779
2140,0.0298755778523
2141,0.0711035837319
2142,0.12810414916
2143,0.0741349066497
2144,0.0741349066497
2145,0.12810414916
2146,0.212351212563
2147,0.0625646872683
2148,0.0741349066497
2149,0.149857175937
2150,0.0625646872683
2151,0.0741349066497
2152,0.0741349066497
2153,0.041812117068
2154,0.125895540718
2155,0.125895540718
2156,0.125895540718
2157,0.147336905147
2158,0.0961064475929
2159,0.0365027576604
2160,0.132728567691
2161,0.132728567691
2162,0.132728567691
2163,0.132728567691
2164,0.0769831119331
2165,0.0272071952516
2166,0.189673229668
2167,0.0727790987701
2168,0.125895540718
2169,0.132728567691
2170,0.113131034668
2171,0.147336905147
2172,0.0727790987701
2173,0.189673229668
2174,0.132728567691
2175,0.0769831119331
2176,0.189673229668
2177,0.0326828812398
2178,0.113826186762
2179,0.0243354954192
2180,0.133526009686
2181,0.058378303513
2182,0.102142393558
2183,0.102142393558
2184,0.0774755510134
2185,0.102142393558
2186,0.148207116439
2187,0.0654207977607
2188,0.135890216876
2189,0.109812401419
2190,0.158724687162
2191,0.135890216876
2192,0.135890216876
2193,0.158724687162
2194,0.158724687162
2195,0.135890216876
2196,0.150818350128
2197,0.150818350128
2198,0.150818350128
2199,0.135919854421
2200,0.0882483495325
2201,0.150818350128
2202,0.115914101367
2203,0.1756513797
2204,0.1756513797
2205,0.104041153995
2206,0.1756513797
2207,0.150818350128
2208,0.150818350128
2209,0.0759848782024
2210,0.0572322767662
2211,0.0320241269651
2212,0.0572322767662
2213,0.0320241269651
2214,0.0320241269651
2215,0.0759848782024
2216,0.0320241269651
2217,0.0320241269651
2218,0.0572322767662
2219,0.10022868079
2220,0.216842461264
2221,0.0914215228298
2222,0.0914215228298
2223,0.024303377917
2224,0.0653380879265
2225,0.0773788625089
2226,0.113689723816
2227,0.113689723816
2228,0.0653380879265
2229,0.0653380879265
2230,0.0653380879265
2231,0.0653380879265
2232,0.0437084791092
2233,0.133369483639
2234,0.051984956418
2235,0.133369483639
2236,0.133369483639
2237,0.113689723816
2238,0.113689723816
2239,0.0290168715932
2240,0.0653380879265
2241,0.0653380879265
2242,0.0653380879265
2243,0.0653380879265
2244,0.113689723816
2245,0.172609326888
2246,0.0966544072675
2247,0.0732048271292
2248,0.0865610558574
2249,0.164111695284
2250,0.172609326888
2251,0.102085713497
2252,0.0307988534167
2253,0.0491078297855
2254,0.0583443305842
2255,0.0326633429127
2256,0.0491078297855
2257,0.102085713497
2258,0.241891872506
2259,0.0326633429127
2260,0.0748459193465
2261,0.0884729827788
2262,0.0502380022658
2263,0.129260506288
2264,0.194363814965
2265,0.194363814965
2266,0.0987651671364
2267,0.151175844996
2268,0.151175844996
2269,0.104301388546
2270,0.129260506288
2271,0.0694130749122
2272,0.1410471398
2273,0.200734679564
2274,0.1410471398
2275,0.1410471398
2276,0.0694130749122
2277,0.200734679564
2278,0.200734679564
2279,0.0821388104906
2280,0.200734679564
2281,0.256611084239
2282,0.292856062124
2283,0.213079152569
2284,0.142818328323
2285,0.142818328323
2286,0.203078183862
2287,0.142818328323
